num_pts,start_err,end_err,mae,train_time
100,4.5392404,1.5317371,0.87535745,110.863174
100,8.835131,0.83022296,0.70351565,111.96011
